is_fabricated,age_group,situation,start,duration_min,peak_hr,expected_hr,excess_bpm,steps_5m,hrv_ms,hrr_slope,arousal,score,evidence
True,30대,소개팅,2026-08-14 19:30:00+09:00,3.5,118,80,38,0,22.0,7.5,위상성,5.8,"기대80 대비 실제118 → 초과 +38bpm; 저녁 약속 직전 급발현, 빠른 회복(7.5bpm/분) — 설렘/긴장이 짧게 왔다 감"
True,30대,중요 업무 미팅/발표,2026-08-18 10:15:00+09:00,12.0,112,78,34,0,14.0,0.8,지속성,6.5,"기대78 대비 실제112 → 초과 +34bpm; 정지 상태, HRV 14ms로 크게 눌림, 회복 거의 없음(0.8bpm/분) — 발표 내내 긴장이 안 풀림"
True,30대,어렸을 때 본 영화 재개봉,2026-08-22 20:00:00+09:00,2.0,98,80,18,0,28.0,4.0,,2.8,"기대80 대비 실제98 → 초과 +18bpm(경미); HRV는 평소 범위, 향수 어린 잔잔한 반응"
True,30대,처음으로 내 집 계약을 한 날,2026-08-25 14:20:00+09:00,9.0,108,81,27,5,19.0,2.1,지속성,4.9,"기대81 대비 실제108 → 초과 +27bpm; 정지 상태, 회복 더딤(2.1bpm/분) — 설렘과 부담이 섞인 지속 긴장"
True,30대,동창회,2026-08-29 21:10:00+09:00,4.5,115,83,32,80,24.0,6.2,위상성,4.6,"기대83 대비 실제115 → 초과 +32bpm; 약간의 걸음(80/5분, 자리 이동), 빠른 회복 — 반가움/들뜸의 짧은 파동"
True,40대,건강검진 결과 듣는 날,2026-09-02 11:00:00+09:00,15.0,124,82,42,0,11.0,0.3,지속성,7.9,"기대82 대비 실제124 → 초과 +42bpm; HRV 11ms로 극도로 눌림, 회복이 거의 안 됨(0.3bpm/분) — 9개 시나리오 중 가장 강한 지속성 각성"
True,40대,부모님 병간호(병원),2026-09-05 15:40:00+09:00,22.0,105,82,23,10,16.0,1.0,지속성,4.3,"기대82 대비 실제105 → 초과 +23bpm; 며칠째 낮은 HRV(16ms)와 겹치는 만성 저조 패턴, 병원 대기 중 지속되는 긴장"
True,40대,가족여행,2026-09-13 13:15:00+09:00,6.0,110,86,24,210,26.0,5.5,위상성,3.4,"기대86 대비 실제110 → 초과 +24bpm; 걸음 210/5분(활동 중), 빠른 회복 — 즐거운 활동성 반응"
True,40대,자녀 졸업식,2026-09-20 10:50:00+09:00,2.5,103,84,19,0,25.0,5.0,위상성,2.6,"기대84 대비 실제103 → 초과 +19bpm(경미); 정지 상태, 빠른 회복 — 뭉클함이 짧게 스쳐감"
